package,name,composable,skippable,restartable,readonly,inline,isLambda,hasDefaults,defaultsGroup,groups,calls,
com.leebeebeom.clothinghelper.main.root.DrawerMainCategory,DrawerMainCategory,1,1,1,0,0,0,0,0,1,3,
com.leebeebeom.clothinghelper.main.root.ExpandIcon,ExpandIcon,1,1,1,0,0,0,0,0,3,4,
com.leebeebeom.clothinghelper.main.root.SubCategories,SubCategories,1,1,1,0,0,0,0,0,1,1,
com.leebeebeom.clothinghelper.main.root.SubCategories,SubCategories,1,1,1,0,0,0,0,0,1,2,
com.leebeebeom.clothinghelper.main.root.TotalCount,TotalCount,1,1,1,0,0,0,0,0,1,4,
com.leebeebeom.clothinghelper.main.root.DrawerSubCategory,DrawerSubCategory,1,1,1,0,0,0,0,0,1,3,
com.leebeebeom.clothinghelper.main.root.dropmenus.DrawerMainCategoryDropDownMenu,DrawerMainCategoryDropDownMenu,1,1,1,0,0,0,0,0,1,3,
com.leebeebeom.clothinghelper.main.root.dropmenus.DrawerSubCategoryDropDownMenu,DrawerSubCategoryDropDownMenu,1,1,1,0,0,0,0,0,1,5,
com.leebeebeom.clothinghelper.main.root.dropmenus.DrawerDropdownMenuItem,DrawerDropdownMenuItem,1,1,1,0,0,0,0,0,1,2,
